"Leto","Najvisja_cena"
2011,14.610357
2012,21.235357
2013,20.540714
2014,29.8125
2015,29.965
2016,29.504999
2017,44.299999
2018,46.235001
2019,73.4925
2020,138.789993
